insert into sr_stations (station_name,description) values ('sr000.silentradiance.com','training station');
insert into sr_stations (station_name,description) values ('ds.silentradiance.com','Dubstep Station');
insert into sr_stations (station_name,description) values ('pt.silentradiance.com','Psytrance Station');
insert into sr_stations (station_name,description) values ('hm.silentradiance.com','Heavy Metal Station');
insert into sr_stations (station_name,description) values ('cc.silentradiance.com','Creative Commons GD station');



insert into sr_names(dns_name,last_time_checked) values ('sr000.silentradiance.com',now());
insert into sr_names(dns_name,last_time_checked) values ('ds.silentradiance.com',now());
insert into sr_names(dns_name,last_time_checked) values ('pt.silentradiance.com',now());
insert into sr_names(dns_name,last_time_checked) values ('hm.silentradiance.com',now());

insert into sr_web_programs(dns_name,program_name) values ('sr000.silentradiance.com','/var/www/sr000.silentradiance.com/download.cgi');
insert into sr_web_programs(dns_name,program_name) values ('ds.silentradiance.com','/var/www/ds.silentradiance.com/download.cgi');
insert into sr_web_programs(dns_name,program_name) values ('pt.silentradiance.com','/var/www/pt.silentradiance.com/download.cgi');
insert into sr_web_programs(dns_name,program_name) values ('hm.silentradiance.com','/var/www/hm.silentradiance.com/download.cgi');
insert into sr_web_programs(dns_name,program_name) values ('sr000.silentradiance.com','/var/www/sr000.silentradiance.com/download7.cgi');
insert into sr_web_programs(dns_name,program_name) values ('ds.silentradiance.com','/var/www/ds.silentradiance.com/download7.cgi');
insert into sr_web_programs(dns_name,program_name) values ('pt.silentradiance.com','/var/www/pt.silentradiance.com/download7.cgi');
insert into sr_web_programs(dns_name,program_name) values ('hm.silentradiance.com','/var/www/hm.silentradiance.com/download7.cgi');

insert into sr_station_web_programs(station_name,dns_name,program_name) values ('sr000.silentradiance.com','sr000.silentradiance.com','/var/www/sr000.silentradiance.com/download.cgi');
insert into sr_station_web_programs(station_name,dns_name,program_name) values ('ds.silentradiance.com','ds.silentradiance.com','/var/www/ds.silentradiance.com/download.cgi');
insert into sr_station_web_programs(station_name,dns_name,program_name) values ('pt.silentradiance.com','pt.silentradiance.com','/var/www/pt.silentradiance.com/download.cgi');
insert into sr_station_web_programs(station_name,dns_name,program_name) values ('hm.silentradiance.com','hm.silentradiance.com','/var/www/hm.silentradiance.com/download.cgi');
//insert into sr_station_web_programs(station_name,dns_name,program_name) values ('cc.silentradiance.com','cc.silentradiance.com','/var/www/cc.silentradiance.com/download.cgi');

insert into sr_station_web_programs(station_name,dns_name,program_name) values ('sr000.silentradiance.com','sr000.silentradiance.com','/var/www/sr000.silentradiance.com/download7.cgi');
insert into sr_station_web_programs(station_name,dns_name,program_name) values ('ds.silentradiance.com','ds.silentradiance.com','/var/www/ds.silentradiance.com/download7.cgi');
insert into sr_station_web_programs(station_name,dns_name,program_name) values ('pt.silentradiance.com','pt.silentradiance.com','/var/www/pt.silentradiance.com/download7.cgi');
insert into sr_station_web_programs(station_name,dns_name,program_name) values ('hm.silentradiance.com','hm.silentradiance.com','/var/www/hm.silentradiance.com/download7.cgi');
//insert into sr_station_web_programs(station_name,dns_name,program_name) values ('cc.silentradiance.com','cc.silentradiance.com','/var/www/cc.silentradiance.com/download7.cgi');


insert into sr_consumable_types values ('product','A generic product, or serialized product tracked by the upc code, and maybe lot id. Products could be physical or digital items.');
insert into sr_consumable_types values ('service','A service provided to a customer.');
insert into sr_consumable_types values ('gift','Decommodified item without requireent of resimbursement or restitution');






insert into isrc_country_codes (country_code,country_name) values ('AF','Afghanistan');
insert into isrc_country_codes (country_code,country_name) values ('AX','Ailand Islands');
insert into isrc_country_codes (country_code,country_name) values ('AL','Albania');
insert into isrc_country_codes (country_code,country_name) values ('DZ','Algeria');
insert into isrc_country_codes (country_code,country_name) values ('AS','American Samoa');
insert into isrc_country_codes (country_code,country_name) values ('AD','Andorra');
insert into isrc_country_codes (country_code,country_name) values ('AO','Angola');
insert into isrc_country_codes (country_code,country_name) values ('AI','Anguilla');
insert into isrc_country_codes (country_code,country_name) values ('AQ','Antarctica');
insert into isrc_country_codes (country_code,country_name) values ('AG','Antigua and Barbuda');
insert into isrc_country_codes (country_code,country_name) values ('AR','Argentina');
insert into isrc_country_codes (country_code,country_name) values ('AM','Armenia');
insert into isrc_country_codes (country_code,country_name) values ('AW','Aruba');
insert into isrc_country_codes (country_code,country_name) values ('AU','Australia');
insert into isrc_country_codes (country_code,country_name) values ('AT','Austria');
insert into isrc_country_codes (country_code,country_name) values ('AZ','Azerbaijan');
insert into isrc_country_codes (country_code,country_name) values ('BS','Bahamas');
insert into isrc_country_codes (country_code,country_name) values ('BH','Bahrain');
insert into isrc_country_codes (country_code,country_name) values ('BD','Bangladesh');
insert into isrc_country_codes (country_code,country_name) values ('BB','Barbados');
insert into isrc_country_codes (country_code,country_name) values ('BY','Belarus');
insert into isrc_country_codes (country_code,country_name) values ('BE','Belgium');
insert into isrc_country_codes (country_code,country_name) values ('BZ','Belize');
insert into isrc_country_codes (country_code,country_name) values ('BJ','Benin');
insert into isrc_country_codes (country_code,country_name) values ('BM','Bermuda');
insert into isrc_country_codes (country_code,country_name) values ('BT','Bhutan');
insert into isrc_country_codes (country_code,country_name) values ('BO','Bolivia, Plurinational State of');
insert into isrc_country_codes (country_code,country_name) values ('BQ','Bonaire, Sint Eustatius and Saba');
insert into isrc_country_codes (country_code,country_name) values ('BA','Bosnia and Herzegovina');
insert into isrc_country_codes (country_code,country_name) values ('BW','Botswana');
insert into isrc_country_codes (country_code,country_name) values ('BV','Bouvet Island');
insert into isrc_country_codes (country_code,country_name) values ('BR','Brazil');
insert into isrc_country_codes (country_code,country_name) values ('IO','British Indian Ocean Territory');
insert into isrc_country_codes (country_code,country_name) values ('BN','Brunei Darussalam');
insert into isrc_country_codes (country_code,country_name) values ('BG','Bulgaria');
insert into isrc_country_codes (country_code,country_name) values ('BF','Burkina Faso');
insert into isrc_country_codes (country_code,country_name) values ('BI','Burundi');
insert into isrc_country_codes (country_code,country_name) values ('KH','Cambodia');
insert into isrc_country_codes (country_code,country_name) values ('CM','Cameroon');
insert into isrc_country_codes (country_code,country_name) values ('CA','Canada');
insert into isrc_country_codes (country_code,country_name) values ('CV','Cape Verde');
insert into isrc_country_codes (country_code,country_name) values ('KY','Cayman Islands');
insert into isrc_country_codes (country_code,country_name) values ('CF','Central African Republic');
insert into isrc_country_codes (country_code,country_name) values ('TD','Chad');
insert into isrc_country_codes (country_code,country_name) values ('CL','Chile');
insert into isrc_country_codes (country_code,country_name) values ('CN','China');
insert into isrc_country_codes (country_code,country_name) values ('CX','Christmas Island');
insert into isrc_country_codes (country_code,country_name) values ('CC','Cocos (Keeling) Islands');
insert into isrc_country_codes (country_code,country_name) values ('CO','Colombia');
insert into isrc_country_codes (country_code,country_name) values ('KM','Comoros');
insert into isrc_country_codes (country_code,country_name) values ('CG','Congo');
insert into isrc_country_codes (country_code,country_name) values ('CD','Congo, the Democratic Republic of the');
insert into isrc_country_codes (country_code,country_name) values ('CK','Cook Islands');
insert into isrc_country_codes (country_code,country_name) values ('CR','Costa Rica');
insert into isrc_country_codes (country_code,country_name) values ('CI','Corte d''Ivoire');
insert into isrc_country_codes (country_code,country_name) values ('HR','Croatia');
insert into isrc_country_codes (country_code,country_name) values ('CU','Cuba');
insert into isrc_country_codes (country_code,country_name) values ('CW','Curasao');
insert into isrc_country_codes (country_code,country_name) values ('CY','Cyprus');
insert into isrc_country_codes (country_code,country_name) values ('CZ','Czech Republic');
insert into isrc_country_codes (country_code,country_name) values ('DK','Denmark');
insert into isrc_country_codes (country_code,country_name) values ('DJ','Djibouti');
insert into isrc_country_codes (country_code,country_name) values ('DM','Dominica');
insert into isrc_country_codes (country_code,country_name) values ('DO','Dominican Republic');
insert into isrc_country_codes (country_code,country_name) values ('EC','Ecuador');
insert into isrc_country_codes (country_code,country_name) values ('EG','Egypt');
insert into isrc_country_codes (country_code,country_name) values ('SV','El Salvador');
insert into isrc_country_codes (country_code,country_name) values ('GQ','Equatorial Guinea');
insert into isrc_country_codes (country_code,country_name) values ('ER','Eritrea');
insert into isrc_country_codes (country_code,country_name) values ('EE','Estonia');
insert into isrc_country_codes (country_code,country_name) values ('ET','Ethiopia');
insert into isrc_country_codes (country_code,country_name) values ('FK','Falkland Islands (Malvinas)');
insert into isrc_country_codes (country_code,country_name) values ('FO','Faroe Islands');
insert into isrc_country_codes (country_code,country_name) values ('FJ','Fiji');
insert into isrc_country_codes (country_code,country_name) values ('FI','Finland');
insert into isrc_country_codes (country_code,country_name) values ('FR','France');
insert into isrc_country_codes (country_code,country_name) values ('GF','French Guiana');
insert into isrc_country_codes (country_code,country_name) values ('PF','French Polynesia');
insert into isrc_country_codes (country_code,country_name) values ('TF','French Southern Territories');
insert into isrc_country_codes (country_code,country_name) values ('GA','Gabon');
insert into isrc_country_codes (country_code,country_name) values ('GM','Gambia');
insert into isrc_country_codes (country_code,country_name) values ('GE','Georgia');
insert into isrc_country_codes (country_code,country_name) values ('DE','Germany');
insert into isrc_country_codes (country_code,country_name) values ('GH','Ghana');
insert into isrc_country_codes (country_code,country_name) values ('GI','Gibraltar');
insert into isrc_country_codes (country_code,country_name) values ('GR','Greece');
insert into isrc_country_codes (country_code,country_name) values ('GL','Greenland');
insert into isrc_country_codes (country_code,country_name) values ('GD','Grenada');
insert into isrc_country_codes (country_code,country_name) values ('GP','Guadeloupe');
insert into isrc_country_codes (country_code,country_name) values ('GU','Guam');
insert into isrc_country_codes (country_code,country_name) values ('GT','Guatemala');
insert into isrc_country_codes (country_code,country_name) values ('GG','Guernsey');
insert into isrc_country_codes (country_code,country_name) values ('GN','Guinea');
insert into isrc_country_codes (country_code,country_name) values ('GW','Guinea-Bissau');
insert into isrc_country_codes (country_code,country_name) values ('GY','Guyana');
insert into isrc_country_codes (country_code,country_name) values ('HT','Haiti');
insert into isrc_country_codes (country_code,country_name) values ('HM','Heard Island and McDonald Islands');
insert into isrc_country_codes (country_code,country_name) values ('VA','Holy See (Vatican City State)');
insert into isrc_country_codes (country_code,country_name) values ('HN','Honduras');
insert into isrc_country_codes (country_code,country_name) values ('HK','Hong Kong');
insert into isrc_country_codes (country_code,country_name) values ('HU','Hungary');
insert into isrc_country_codes (country_code,country_name) values ('IS','Iceland');
insert into isrc_country_codes (country_code,country_name) values ('IN','India');
insert into isrc_country_codes (country_code,country_name) values ('ID','Indonesia');
insert into isrc_country_codes (country_code,country_name) values ('IR','Iran, Islamic Republic of');
insert into isrc_country_codes (country_code,country_name) values ('IQ','Iraq');
insert into isrc_country_codes (country_code,country_name) values ('IE','Ireland');
insert into isrc_country_codes (country_code,country_name) values ('IM','Isle of Man');
insert into isrc_country_codes (country_code,country_name) values ('IL','Israel');
insert into isrc_country_codes (country_code,country_name) values ('IT','Italy');
insert into isrc_country_codes (country_code,country_name) values ('JM','Jamaica');
insert into isrc_country_codes (country_code,country_name) values ('JP','Japan');
insert into isrc_country_codes (country_code,country_name) values ('JE','Jersey');
insert into isrc_country_codes (country_code,country_name) values ('JO','Jordan');
insert into isrc_country_codes (country_code,country_name) values ('KZ','Kazakhstan');
insert into isrc_country_codes (country_code,country_name) values ('KE','Kenya');
insert into isrc_country_codes (country_code,country_name) values ('KI','Kiribati');
insert into isrc_country_codes (country_code,country_name) values ('KP','Korea, Democratic People''s Republic of');
insert into isrc_country_codes (country_code,country_name) values ('KR','Korea, Republic of');
insert into isrc_country_codes (country_code,country_name) values ('KW','Kuwait');
insert into isrc_country_codes (country_code,country_name) values ('KG','Kyrgyzstan');
insert into isrc_country_codes (country_code,country_name) values ('LA','Lao People''s Democratic Republic');
insert into isrc_country_codes (country_code,country_name) values ('LV','Latvia');
insert into isrc_country_codes (country_code,country_name) values ('LB','Lebanon');
insert into isrc_country_codes (country_code,country_name) values ('LS','Lesotho');
insert into isrc_country_codes (country_code,country_name) values ('LR','Liberia');
insert into isrc_country_codes (country_code,country_name) values ('LY','Libya');
insert into isrc_country_codes (country_code,country_name) values ('LI','Liechtenstein');
insert into isrc_country_codes (country_code,country_name) values ('LT','Lithuania');
insert into isrc_country_codes (country_code,country_name) values ('LU','Luxembourg');
insert into isrc_country_codes (country_code,country_name) values ('MO','Macao');
insert into isrc_country_codes (country_code,country_name) values ('MK','Macedonia, the Former Yugoslav Republic of');
insert into isrc_country_codes (country_code,country_name) values ('MG','Madagascar');
insert into isrc_country_codes (country_code,country_name) values ('MW','Malawi');
insert into isrc_country_codes (country_code,country_name) values ('MY','Malaysia');
insert into isrc_country_codes (country_code,country_name) values ('MV','Maldives');
insert into isrc_country_codes (country_code,country_name) values ('ML','Mali');
insert into isrc_country_codes (country_code,country_name) values ('MT','Malta');
insert into isrc_country_codes (country_code,country_name) values ('MH','Marshall Islands');
insert into isrc_country_codes (country_code,country_name) values ('MQ','Martinique');
insert into isrc_country_codes (country_code,country_name) values ('MR','Mauritania');
insert into isrc_country_codes (country_code,country_name) values ('MU','Mauritius');
insert into isrc_country_codes (country_code,country_name) values ('YT','Mayotte');
insert into isrc_country_codes (country_code,country_name) values ('MX','Mexico');
insert into isrc_country_codes (country_code,country_name) values ('FM','Micronesia, Federated States of');
insert into isrc_country_codes (country_code,country_name) values ('MD','Moldova, Republic of');
insert into isrc_country_codes (country_code,country_name) values ('MC','Monaco');
insert into isrc_country_codes (country_code,country_name) values ('MN','Mongolia');
insert into isrc_country_codes (country_code,country_name) values ('ME','Montenegro');
insert into isrc_country_codes (country_code,country_name) values ('MS','Montserrat');
insert into isrc_country_codes (country_code,country_name) values ('MA','Morocco');
insert into isrc_country_codes (country_code,country_name) values ('MZ','Mozambique');
insert into isrc_country_codes (country_code,country_name) values ('MM','Myanmar');
insert into isrc_country_codes (country_code,country_name) values ('NA','Namibia');
insert into isrc_country_codes (country_code,country_name) values ('NR','Nauru');
insert into isrc_country_codes (country_code,country_name) values ('NP','Nepal');
insert into isrc_country_codes (country_code,country_name) values ('NL','Netherlands');
insert into isrc_country_codes (country_code,country_name) values ('NC','New Caledonia');
insert into isrc_country_codes (country_code,country_name) values ('NZ','New Zealand');
insert into isrc_country_codes (country_code,country_name) values ('NI','Nicaragua');
insert into isrc_country_codes (country_code,country_name) values ('NE','Niger');
insert into isrc_country_codes (country_code,country_name) values ('NG','Nigeria');
insert into isrc_country_codes (country_code,country_name) values ('NU','Niue');
insert into isrc_country_codes (country_code,country_name) values ('NF','Norfolk Island');
insert into isrc_country_codes (country_code,country_name) values ('MP','Northern Mariana Islands');
insert into isrc_country_codes (country_code,country_name) values ('NO','Norway');
insert into isrc_country_codes (country_code,country_name) values ('OM','Oman');
insert into isrc_country_codes (country_code,country_name) values ('PK','Pakistan');
insert into isrc_country_codes (country_code,country_name) values ('PW','Palau');
insert into isrc_country_codes (country_code,country_name) values ('PS','Palestine, State of');
insert into isrc_country_codes (country_code,country_name) values ('PA','Panama');
insert into isrc_country_codes (country_code,country_name) values ('PG','Papua New Guinea');
insert into isrc_country_codes (country_code,country_name) values ('PY','Paraguay');
insert into isrc_country_codes (country_code,country_name) values ('PE','Peru');
insert into isrc_country_codes (country_code,country_name) values ('PH','Philippines');
insert into isrc_country_codes (country_code,country_name) values ('PN','Pitcairn');
insert into isrc_country_codes (country_code,country_name) values ('PL','Poland');
insert into isrc_country_codes (country_code,country_name) values ('PT','Portugal');
insert into isrc_country_codes (country_code,country_name) values ('PR','Puerto Rico');
insert into isrc_country_codes (country_code,country_name) values ('QA','Qatar');
insert into isrc_country_codes (country_code,country_name) values ('RE','Ra union');
insert into isrc_country_codes (country_code,country_name) values ('RO','Romania');
insert into isrc_country_codes (country_code,country_name) values ('RU','Russian Federation');
insert into isrc_country_codes (country_code,country_name) values ('RW','Rwanda');
insert into isrc_country_codes (country_code,country_name) values ('BL','Saint Barthalemy');
insert into isrc_country_codes (country_code,country_name) values ('SH','Saint Helena, Ascension and Tristan da Cunha');
insert into isrc_country_codes (country_code,country_name) values ('KN','Saint Kitts and Nevis');
insert into isrc_country_codes (country_code,country_name) values ('LC','Saint Lucia');
insert into isrc_country_codes (country_code,country_name) values ('MF','Saint Martin (French part)');
insert into isrc_country_codes (country_code,country_name) values ('PM','Saint Pierre and Miquelon');
insert into isrc_country_codes (country_code,country_name) values ('VC','Saint Vincent and the Grenadines');
insert into isrc_country_codes (country_code,country_name) values ('WS','Samoa');
insert into isrc_country_codes (country_code,country_name) values ('SM','San Marino');
insert into isrc_country_codes (country_code,country_name) values ('ST','Sao Tome and Principe');
insert into isrc_country_codes (country_code,country_name) values ('SA','Saudi Arabia');
insert into isrc_country_codes (country_code,country_name) values ('SN','Senegal');
insert into isrc_country_codes (country_code,country_name) values ('RS','Serbia');
insert into isrc_country_codes (country_code,country_name) values ('SC','Seychelles');
insert into isrc_country_codes (country_code,country_name) values ('SL','Sierra Leone');
insert into isrc_country_codes (country_code,country_name) values ('SG','Singapore');
insert into isrc_country_codes (country_code,country_name) values ('SX','Sint Maarten (Dutch part)');
insert into isrc_country_codes (country_code,country_name) values ('SK','Slovakia');
insert into isrc_country_codes (country_code,country_name) values ('SI','Slovenia');
insert into isrc_country_codes (country_code,country_name) values ('SB','Solomon Islands');
insert into isrc_country_codes (country_code,country_name) values ('SO','Somalia');
insert into isrc_country_codes (country_code,country_name) values ('ZA','South Africa');
insert into isrc_country_codes (country_code,country_name) values ('GS','South Georgia and the South Sandwich Islands');
insert into isrc_country_codes (country_code,country_name) values ('SS','South Sudan');
insert into isrc_country_codes (country_code,country_name) values ('ES','Spain');
insert into isrc_country_codes (country_code,country_name) values ('LK','Sri Lanka');
insert into isrc_country_codes (country_code,country_name) values ('SD','Sudan');
insert into isrc_country_codes (country_code,country_name) values ('SR','Suriname');
insert into isrc_country_codes (country_code,country_name) values ('SJ','Svalbard and Jan Mayen');
insert into isrc_country_codes (country_code,country_name) values ('SZ','Swaziland');
insert into isrc_country_codes (country_code,country_name) values ('SE','Sweden');
insert into isrc_country_codes (country_code,country_name) values ('CH','Switzerland');
insert into isrc_country_codes (country_code,country_name) values ('SY','Syrian Arab Republic');
insert into isrc_country_codes (country_code,country_name) values ('TW','Taiwan, Province of China');
insert into isrc_country_codes (country_code,country_name) values ('TJ','Tajikistan');
insert into isrc_country_codes (country_code,country_name) values ('TZ','Tanzania, United Republic of');
insert into isrc_country_codes (country_code,country_name) values ('TH','Thailand');
insert into isrc_country_codes (country_code,country_name) values ('TL','Timor-Leste');
insert into isrc_country_codes (country_code,country_name) values ('TG','Togo');
insert into isrc_country_codes (country_code,country_name) values ('TK','Tokelau');
insert into isrc_country_codes (country_code,country_name) values ('TO','Tonga');
insert into isrc_country_codes (country_code,country_name) values ('TT','Trinidad and Tobago');
insert into isrc_country_codes (country_code,country_name) values ('TN','Tunisia');
insert into isrc_country_codes (country_code,country_name) values ('TR','Turkey');
insert into isrc_country_codes (country_code,country_name) values ('TM','Turkmenistan');
insert into isrc_country_codes (country_code,country_name) values ('TC','Turks and Caicos Islands');
insert into isrc_country_codes (country_code,country_name) values ('TV','Tuvalu');
insert into isrc_country_codes (country_code,country_name) values ('UG','Uganda');
insert into isrc_country_codes (country_code,country_name) values ('UA','Ukraine');
insert into isrc_country_codes (country_code,country_name) values ('AE','United Arab Emirates');
insert into isrc_country_codes (country_code,country_name) values ('GB','United Kingdom');
insert into isrc_country_codes (country_code,country_name) values ('US','United States');
insert into isrc_country_codes (country_code,country_name) values ('UM','United States Minor Outlying Islands');
insert into isrc_country_codes (country_code,country_name) values ('UY','Uruguay');
insert into isrc_country_codes (country_code,country_name) values ('UZ','Uzbekistan');
insert into isrc_country_codes (country_code,country_name) values ('VU','Vanuatu');
insert into isrc_country_codes (country_code,country_name) values ('VE','Venezuela, Bolivarian Republic of');
insert into isrc_country_codes (country_code,country_name) values ('VN','Viet Nam');
insert into isrc_country_codes (country_code,country_name) values ('VG','Virgin Islands, British');
insert into isrc_country_codes (country_code,country_name) values ('VI','Virgin Islands, U.S.');
insert into isrc_country_codes (country_code,country_name) values ('WF','Wallis and Futuna');
insert into isrc_country_codes (country_code,country_name) values ('EH','Western Sahara');
insert into isrc_country_codes (country_code,country_name) values ('YE','Yemen');
insert into isrc_country_codes (country_code,country_name) values ('ZM','Zambia');
insert into isrc_country_codes (country_code,country_name) values ('ZW','Zimbabwe');
 /* from https://pkgstore.datahub.io/core/country-list/data_csv/data/d7c9d7cfb42cb69f4422dec222dbbaa8/data_csv.csv */
 
 
 
insert into isrc_years(year_code) values ('00');
insert into isrc_years(year_code) values ('01');
insert into isrc_years(year_code) values ('02');
insert into isrc_years(year_code) values ('03');
insert into isrc_years(year_code) values ('04');
insert into isrc_years(year_code) values ('05');
insert into isrc_years(year_code) values ('06');
insert into isrc_years(year_code) values ('07');
insert into isrc_years(year_code) values ('08');
insert into isrc_years(year_code) values ('09');

insert into isrc_years(year_code) values ('10');
insert into isrc_years(year_code) values ('11');
insert into isrc_years(year_code) values ('12');
insert into isrc_years(year_code) values ('13');
insert into isrc_years(year_code) values ('14');
insert into isrc_years(year_code) values ('15');
insert into isrc_years(year_code) values ('16');
insert into isrc_years(year_code) values ('17');
insert into isrc_years(year_code) values ('18');
insert into isrc_years(year_code) values ('19');

insert into isrc_years(year_code) values ('20');
insert into isrc_years(year_code) values ('21');
insert into isrc_years(year_code) values ('22');
insert into isrc_years(year_code) values ('23');
insert into isrc_years(year_code) values ('24');
insert into isrc_years(year_code) values ('25');
insert into isrc_years(year_code) values ('26');
insert into isrc_years(year_code) values ('27');
insert into isrc_years(year_code) values ('28');
insert into isrc_years(year_code) values ('29');

insert into isrc_years(year_code) values ('30');
insert into isrc_years(year_code) values ('31');
insert into isrc_years(year_code) values ('32');
insert into isrc_years(year_code) values ('33');
insert into isrc_years(year_code) values ('34');
insert into isrc_years(year_code) values ('35');
insert into isrc_years(year_code) values ('36');
insert into isrc_years(year_code) values ('37');
insert into isrc_years(year_code) values ('38');
insert into isrc_years(year_code) values ('39');

insert into isrc_years(year_code) values ('40');
insert into isrc_years(year_code) values ('41');
insert into isrc_years(year_code) values ('42');
insert into isrc_years(year_code) values ('43');
insert into isrc_years(year_code) values ('44');
insert into isrc_years(year_code) values ('45');
insert into isrc_years(year_code) values ('46');
insert into isrc_years(year_code) values ('47');
insert into isrc_years(year_code) values ('48');
insert into isrc_years(year_code) values ('49');
 
insert into isrc_years(year_code) values ('50');
insert into isrc_years(year_code) values ('51');
insert into isrc_years(year_code) values ('52');
insert into isrc_years(year_code) values ('53');
insert into isrc_years(year_code) values ('54');
insert into isrc_years(year_code) values ('55');
insert into isrc_years(year_code) values ('56');
insert into isrc_years(year_code) values ('57');
insert into isrc_years(year_code) values ('58');
insert into isrc_years(year_code) values ('59');
insert into isrc_years(year_code) values ('60');
insert into isrc_years(year_code) values ('61');
insert into isrc_years(year_code) values ('62');
insert into isrc_years(year_code) values ('63');
insert into isrc_years(year_code) values ('64');
insert into isrc_years(year_code) values ('65');
insert into isrc_years(year_code) values ('66');
insert into isrc_years(year_code) values ('67');
insert into isrc_years(year_code) values ('68');
insert into isrc_years(year_code) values ('69');

insert into isrc_years(year_code) values ('70');
insert into isrc_years(year_code) values ('71');
insert into isrc_years(year_code) values ('72');
insert into isrc_years(year_code) values ('73');
insert into isrc_years(year_code) values ('74');
insert into isrc_years(year_code) values ('75');
insert into isrc_years(year_code) values ('76');
insert into isrc_years(year_code) values ('77');
insert into isrc_years(year_code) values ('78');
insert into isrc_years(year_code) values ('79');

insert into isrc_years(year_code) values ('80');
insert into isrc_years(year_code) values ('81');
insert into isrc_years(year_code) values ('82');
insert into isrc_years(year_code) values ('83');
insert into isrc_years(year_code) values ('84');
insert into isrc_years(year_code) values ('85');
insert into isrc_years(year_code) values ('86');
insert into isrc_years(year_code) values ('87');
insert into isrc_years(year_code) values ('88');
insert into isrc_years(year_code) values ('89');

insert into isrc_years(year_code) values ('90');
insert into isrc_years(year_code) values ('91');
insert into isrc_years(year_code) values ('92');
insert into isrc_years(year_code) values ('93');
insert into isrc_years(year_code) values ('94');
insert into isrc_years(year_code) values ('95');
insert into isrc_years(year_code) values ('96');
insert into isrc_years(year_code) values ('97');
insert into isrc_years(year_code) values ('98');
insert into isrc_years(year_code) values ('99');



